,Aria,Composer,Opera,Character,Voice,Language,Sheet,Composer lifetime,Composer nationality,Composer Wikipedia
0,Couplets de Leopoldo,", , ",,Leopoldo,Male,Spanish  ,http://theoperadatabase.com/PDFs/Zarzuela/Barbieri/Couplets%20de%20Leopoldo.pdf,,,
1,Me agradan los valses rápidos,"Albelda, D. Miguel",El juicio final,Rita,Female,Spanish  ,http://theoperadatabase.com/PDFs/Zarzuela/Albelda/Me%20agradan%20los%20valses%20rapidos.pdf,,,
2,Callandito sin malicia,"Albelda, D. Miguel",El juicio final,Golondrino,Male,Spanish  ,http://theoperadatabase.com/PDFs/Zarzuela/Albelda/Callandito%20sin%20malicia.pdf,,,
3,No vale ya fingir no,"Arrieta, Pascual Emilio",Cadenas de oro,Leonor,Female,Spanish  ,http://theoperadatabase.com/PDFs/Zarzuela/Arrieta/No%20vale%20ya%20fingir%20no.pdf,1821-1894,Spanish,http://en.wikipedia.org/wiki/Emilio_Arrieta
4,La Niña de mis ojos,"Arrieta, Pascual Emilio",De tal palo tal astilla,Enrique,Male,Spanish  ,http://theoperadatabase.com/PDFs/Zarzuela/Arrieta/La%20Nina%20de%20mis%20ojos.pdf,1821-1894,Spanish,http://en.wikipedia.org/wiki/Emilio_Arrieta
5,Ah! El que anda al fin tropieza,"Arrieta, Pascual Emilio",De tal palo tal astilla,Marqués,Male,Spanish  ,http://theoperadatabase.com/PDFs/Zarzuela/Arrieta/Ah%20El%20que%20anda%20al%20fin%20tropieza.pdf,1821-1894,Spanish,http://en.wikipedia.org/wiki/Emilio_Arrieta
6,Ah! Pobre barquilla mia,"Arrieta, Pascual Emilio",El grumete,Tomas,Baritone,Spanish  ,http://theoperadatabase.com/PDFs/Zarzuela/Arrieta/Ah%20Pobre%20barquilla%20mia.pdf,1821-1894,Spanish,http://en.wikipedia.org/wiki/Emilio_Arrieta
7,Yo he visto á ese muchacho,"Arrieta, Pascual Emilio",El grumete,Tomas,Baritone,Spanish  ,http://theoperadatabase.com/PDFs/Zarzuela/Arrieta/Yo%20he%20visto%20a%20ese%20muchacho.pdf,1821-1894,Spanish,http://en.wikipedia.org/wiki/Emilio_Arrieta
8,Noire yo al rio noire,"Arrieta, Pascual Emilio",El grumete,Serafin,Female,Spanish  ,http://theoperadatabase.com/PDFs/Zarzuela/Arrieta/Noire%20yo%20al%20rio%20noire.pdf,1821-1894,Spanish,http://en.wikipedia.org/wiki/Emilio_Arrieta
9,Tengo un amante muy tierno,"Arrieta, Pascual Emilio",El potosí submarino,Celia,Female,Spanish  ,http://theoperadatabase.com/PDFs/Zarzuela/Arrieta/Tengo%20un%20amante%20muy%20tierno.pdf,1821-1894,Spanish,http://en.wikipedia.org/wiki/Emilio_Arrieta
10,Ostra rica fué mamá,"Arrieta, Pascual Emilio",El potosí submarino,Perlina,Female,Spanish  ,http://theoperadatabase.com/PDFs/Zarzuela/Arrieta/Ostra%20rica%20fue%20mama.pdf,1821-1894,Spanish,http://en.wikipedia.org/wiki/Emilio_Arrieta
11,Ah! Ya estoy en tierra yá soy feliz,"Arrieta, Pascual Emilio",El potosí submarino,Cardona,Male,Spanish  ,http://theoperadatabase.com/PDFs/Zarzuela/Arrieta/Ah%20Ya%20estoy%20en%20tierra%20ya%20soy%20feliz.pdf,1821-1894,Spanish,http://en.wikipedia.org/wiki/Emilio_Arrieta
12,Cuando una rana que essentimental!,"Arrieta, Pascual Emilio",El potosí submarino,Escamon,Male,Spanish  ,http://theoperadatabase.com/PDFs/Zarzuela/Arrieta/Cuando%20una%20rana%20que%20essentimental.pdf,1821-1894,Spanish,http://en.wikipedia.org/wiki/Emilio_Arrieta
13,Sé por el cable que el gran sultan,"Arrieta, Pascual Emilio",El potosí submarino,Escamon,Male,Spanish  ,http://theoperadatabase.com/PDFs/Zarzuela/Arrieta/Se%20por%20el%20cable%20que%20el%20gran%20sultan.pdf,1821-1894,Spanish,http://en.wikipedia.org/wiki/Emilio_Arrieta
14,Ay... en mi pecho late,"Arrieta, Pascual Emilio",Entre el alcalde y el rey,Alfonso,Baritone,Spanish  ,http://theoperadatabase.com/PDFs/Zarzuela/Arrieta/Ay%20en%20mi%20pecho%20late.pdf,1821-1894,Spanish,http://en.wikipedia.org/wiki/Emilio_Arrieta
15,Si Brindaremos dueño mio,"Arrieta, Pascual Emilio",Entre el alcalde y el rey,Alfonso,Baritone,Spanish  ,http://theoperadatabase.com/PDFs/Zarzuela/Arrieta/Si%20Brindaremos%20dueno%20mio.pdf,1821-1894,Spanish,http://en.wikipedia.org/wiki/Emilio_Arrieta
16,Vuelva la calma vuelva la vida,"Arrieta, Pascual Emilio",Entre el alcalde y el rey,Narcisa,Soprano,Spanish  ,http://theoperadatabase.com/PDFs/Zarzuela/Arrieta/Vuelva%20la%20calma%20vuelva%20la%20vida.pdf,1821-1894,Spanish,http://en.wikipedia.org/wiki/Emilio_Arrieta
17,La que es bella y sobre sá,"Arrieta, Pascual Emilio",Guerra a muerte,César,Baritone,Spanish  ,http://theoperadatabase.com/PDFs/Zarzuela/Arrieta/La%20que%20es%20bella%20y%20sobre%20sa.pdf,1821-1894,Spanish,http://en.wikipedia.org/wiki/Emilio_Arrieta
18,De Amor en el albúr,"Arrieta, Pascual Emilio",Guerra a muerte,Victorina,Soprano,Spanish  ,http://theoperadatabase.com/PDFs/Zarzuela/Arrieta/De%20Amor%20en%20el%20albur.pdf,1821-1894,Spanish,http://en.wikipedia.org/wiki/Emilio_Arrieta
19,Que juegue en tus ojos travieso cúpido,"Arrieta, Pascual Emilio",Guerra a muerte,Victorina,Soprano,Spanish  ,http://theoperadatabase.com/PDFs/Zarzuela/Arrieta/Que%20juegue%20en%20tus%20ojos%20travieso%20cupido.pdf,1821-1894,Spanish,http://en.wikipedia.org/wiki/Emilio_Arrieta
20,Justo es yá sin mas tardar,"Arrieta, Pascual Emilio",La guerra santa,Mr. Canard,Baritone,Spanish  ,http://theoperadatabase.com/PDFs/Zarzuela/Arrieta/Justo%20es%20ya%20sin%20mas%20tardar.pdf,1821-1894,Spanish,http://en.wikipedia.org/wiki/Emilio_Arrieta
21,Los montes se estremecen,"Arrieta, Pascual Emilio",La guerra santa,Sara,Female,Spanish  ,http://theoperadatabase.com/PDFs/Zarzuela/Arrieta/Los%20montes%20se%20estremecen.pdf,1821-1894,Spanish,http://en.wikipedia.org/wiki/Emilio_Arrieta
22,Yo soy egipcia errante,"Arrieta, Pascual Emilio",La guerra santa,Sara,Female,Spanish  ,http://theoperadatabase.com/PDFs/Zarzuela/Arrieta/Yo%20soy%20egipcia%20errante.pdf,1821-1894,Spanish,http://en.wikipedia.org/wiki/Emilio_Arrieta
23,Lo que vale España,"Arrieta, Pascual Emilio",La guerra santa,Carranza,Tenor,Spanish  ,http://theoperadatabase.com/PDFs/Zarzuela/Arrieta/Lo%20que%20vale%20Espana.pdf,1821-1894,Spanish,http://en.wikipedia.org/wiki/Emilio_Arrieta
24,Mientras cunde aquí la intriga,"Arrieta, Pascual Emilio",La guerra santa,Carranza,Tenor,Spanish  ,http://theoperadatabase.com/PDFs/Zarzuela/Arrieta/Mientras%20cunde%20aqui%20la%20intriga.pdf,1821-1894,Spanish,http://en.wikipedia.org/wiki/Emilio_Arrieta
25,Ay! ensueños seductores!,"Arrieta, Pascual Emilio",La hija de la providencia,Maria,Female,Spanish  ,http://theoperadatabase.com/PDFs/Zarzuela/Arrieta/Ay%20ensuenos%20seductores.pdf,1821-1894,Spanish,http://en.wikipedia.org/wiki/Emilio_Arrieta
26,Dichoso aquél que tiene,"Arrieta, Pascual Emilio",Marina (1855),Roque,Baritone,Spanish  ,http://theoperadatabase.com/PDFs/Zarzuela/Arrieta/Dichoso%20aquel%20que%20tiene.pdf,1821-1894,Spanish,http://en.wikipedia.org/wiki/Emilio_Arrieta
27,Brilla el mar,"Arrieta, Pascual Emilio",Marina (1855),Marina,Soprano,Spanish  ,http://theoperadatabase.com/PDFs/Zarzuela/Arrieta/Brilla%20el%20mar.pdf,1821-1894,Spanish,http://en.wikipedia.org/wiki/Emilio_Arrieta
28,"Pensar en él, ésa es mi vida","Arrieta, Pascual Emilio",Marina (1855),Marina,Soprano,Spanish  ,http://theoperadatabase.com/PDFs/Zarzuela/Arrieta/Pensar%20en%20el%20esa%20es%20mi%20vida.pdf,1821-1894,Spanish,http://en.wikipedia.org/wiki/Emilio_Arrieta
29,Costa la de Levante,"Arrieta, Pascual Emilio",Marina (1855),Jorge,Tenor,Spanish  ,http://theoperadatabase.com/PDFs/Zarzuela/Arrieta/Costa%20la%20de%20Levante.pdf,1821-1894,Spanish,http://en.wikipedia.org/wiki/Emilio_Arrieta
30,Pajarito que vás por el aire,"Arrieta, Pascual Emilio",Un sarao y una soirée,Blasita,Soprano,Spanish  ,http://theoperadatabase.com/PDFs/Zarzuela/Arrieta/Pajarito%20que%20vas%20por%20el%20aire.pdf,1821-1894,Spanish,http://en.wikipedia.org/wiki/Emilio_Arrieta
31,Qué es esto? Dios mio!,"Arrieta, Pascual Emilio",Un sarao y una soirée,Matildita,Soprano,Spanish  ,http://theoperadatabase.com/PDFs/Zarzuela/Arrieta/Que%20es%20esto%20Dios%20mio.pdf,1821-1894,Spanish,http://en.wikipedia.org/wiki/Emilio_Arrieta
32,Yo soy la niña morena,"Asenjo Barbieri, Francisco",Chorizos y polacos,La Caramba,Female,Spanish  ,http://theoperadatabase.com/PDFs/Zarzuela/Barbieri/Yo%20soy%20la%20nina%20morena.pdf,1823-1894,Spanish,https://en.wikipedia.org/wiki/Francisco_Asenjo_Barbieri
33,"Aqui, está el gran Maestro","Asenjo Barbieri, Francisco",Chorizos y polacos,Don Preciso,Male,Spanish  ,http://theoperadatabase.com/PDFs/Zarzuela/Barbieri/Aqui%20esta%20el%20gran%20Maestro.pdf,1823-1894,Spanish,https://en.wikipedia.org/wiki/Francisco_Asenjo_Barbieri
34,El que quiera ser gran comediante,"Asenjo Barbieri, Francisco",Chorizos y polacos,Tio Tusa,Male,Spanish  ,http://theoperadatabase.com/PDFs/Zarzuela/Barbieri/El%20que%20quiera%20ser%20gran%20comediante.pdf,1823-1894,Spanish,https://en.wikipedia.org/wiki/Francisco_Asenjo_Barbieri
35,Como nací en la calle de la Paloma,"Asenjo Barbieri, Francisco",El barberillo de Lavapiés,Paloma,Mezzo,Spanish  ,http://theoperadatabase.com/PDFs/Zarzuela/Barbieri/Como%20naci%20en%20la%20calle%20de%20la%20Paloma.pdf,1823-1894,Spanish,https://en.wikipedia.org/wiki/Francisco_Asenjo_Barbieri
36,En mi ausencia y en mis duelos,"Asenjo Barbieri, Francisco",El diablo en el poder,Ubilla,Baritone,Spanish  ,http://theoperadatabase.com/PDFs/Zarzuela/Barbieri/En%20mi%20ausencia%20y%20en%20mis%20duelos.pdf,1823-1894,Spanish,https://en.wikipedia.org/wiki/Francisco_Asenjo_Barbieri
37,Domár mi orgullo,"Asenjo Barbieri, Francisco",El diablo en el poder,Princesa,Female,Spanish  ,http://theoperadatabase.com/PDFs/Zarzuela/Barbieri/Domar%20mi%20orgullo.pdf,1823-1894,Spanish,https://en.wikipedia.org/wiki/Francisco_Asenjo_Barbieri
38,La que vive en la cocina,"Asenjo Barbieri, Francisco",El hombre es débil,Tecla,Female,Spanish  ,http://theoperadatabase.com/PDFs/Zarzuela/Barbieri/La%20que%20vive%20en%20la%20cocina.pdf,1823-1894,Spanish,https://en.wikipedia.org/wiki/Francisco_Asenjo_Barbieri
39,Astro de los amantes,"Asenjo Barbieri, Francisco",El relámpago,Enriqueta,Female,Spanish  ,http://theoperadatabase.com/PDFs/Zarzuela/Barbieri/Astro%20de%20los%20amantes.pdf,1823-1894,Spanish,https://en.wikipedia.org/wiki/Francisco_Asenjo_Barbieri
40,Si a con sul tar la fresca margarita,"Asenjo Barbieri, Francisco",El relámpago,Clara,Mezzo,Spanish  ,http://theoperadatabase.com/PDFs/Zarzuela/Barbieri/Si%20a%20con%20sul%20tar%20la%20fresca%20margarita.pdf,1823-1894,Spanish,https://en.wikipedia.org/wiki/Francisco_Asenjo_Barbieri
41,Cuando mi alada corbeta,"Asenjo Barbieri, Francisco",El relámpago,Leon,Tenor,Spanish  ,http://theoperadatabase.com/PDFs/Zarzuela/Barbieri/Cuando%20mi%20alada%20corbeta.pdf,1823-1894,Spanish,https://en.wikipedia.org/wiki/Francisco_Asenjo_Barbieri
42,Volverla á ver un dia,"Asenjo Barbieri, Francisco",El relámpago,Leon,Tenor,Spanish  ,http://theoperadatabase.com/PDFs/Zarzuela/Barbieri/Volverla%20a%20ver%20un%20dia.pdf,1823-1894,Spanish,https://en.wikipedia.org/wiki/Francisco_Asenjo_Barbieri
43,Cuando los granaderos,"Asenjo Barbieri, Francisco, Gaztambide y Garbayo, Joaquín Romualdo",El Sargento Federico,,Female,Spanish  ,http://theoperadatabase.com/PDFs/Zarzuela/Barbieri/Barbieri%20y%20Gaztambide%20-%20El%20sargento%20Federico%20-%20Cuando%20los%20granaderos.pdf,"1823-1894, 1822-1870","Spanish, Spanish","https://en.wikipedia.org/wiki/Francisco_Asenjo_Barbieri, https://en.wikipedia.org/wiki/Joaqu%C3%ADn_Gaztambide"
44,Yo soy molinera del lugar vecino,"Asenjo Barbieri, Francisco, Gaztambide y Garbayo, Joaquín Romualdo",El Sargento Federico,Princesa,Female,Spanish  ,http://theoperadatabase.com/PDFs/Zarzuela/Barbieri/Barbieri%20y%20Gaztambide%20-%20El%20sargento%20Federico%20-%20Yo%20soy%20molinera%20del%20lugar%20vecino.pdf,"1823-1894, 1822-1870","Spanish, Spanish","https://en.wikipedia.org/wiki/Francisco_Asenjo_Barbieri, https://en.wikipedia.org/wiki/Joaqu%C3%ADn_Gaztambide"
45,Orden fatal! Tirana suerte mia!,"Asenjo Barbieri, Francisco, Gaztambide y Garbayo, Joaquín Romualdo",El Sargento Federico,,Tenor,Spanish  ,http://theoperadatabase.com/PDFs/Zarzuela/Barbieri/Barbieri%20y%20Gaztambide%20-%20El%20sargento%20Federico%20-%20Orden%20fatal%20Tirana%20suerte%20mia.pdf,"1823-1894, 1822-1870","Spanish, Spanish","https://en.wikipedia.org/wiki/Francisco_Asenjo_Barbieri, https://en.wikipedia.org/wiki/Joaqu%C3%ADn_Gaztambide"
46,No vayais al bosque,"Asenjo Barbieri, Francisco, Gaztambide y Garbayo, Joaquín Romualdo",El Sargento Federico,Federico,Tenor,Spanish  ,http://theoperadatabase.com/PDFs/Zarzuela/Barbieri/Barbieri%20y%20Gaztambide%20-%20El%20sargento%20Federico%20-%20No%20vayais%20al%20bosque.pdf,"1823-1894, 1822-1870","Spanish, Spanish","https://en.wikipedia.org/wiki/Francisco_Asenjo_Barbieri, https://en.wikipedia.org/wiki/Joaqu%C3%ADn_Gaztambide"
47,En su mirada triste y serena,"Asenjo Barbieri, Francisco",El secreto de una dama,Margarita,Soprano,Spanish  ,http://theoperadatabase.com/PDFs/Zarzuela/Barbieri/En%20su%20mirada%20triste%20y%20serena.pdf,1823-1894,Spanish,https://en.wikipedia.org/wiki/Francisco_Asenjo_Barbieri
48,Venturosa el alma mía,"Asenjo Barbieri, Francisco",El secreto de una dama,Margarita,Soprano,Spanish  ,http://theoperadatabase.com/PDFs/Zarzuela/Barbieri/Venturosa%20el%20alma%20mia.pdf,1823-1894,Spanish,https://en.wikipedia.org/wiki/Francisco_Asenjo_Barbieri
49,¿Será verdad lo que oí?... Amante pecho mio,"Asenjo Barbieri, Francisco",El secreto de una dama,Carlos,Tenor,Spanish  ,http://theoperadatabase.com/PDFs/Zarzuela/Barbieri/Sera%20verdad%20lo%20que%20oi.pdf,1823-1894,Spanish,https://en.wikipedia.org/wiki/Francisco_Asenjo_Barbieri
50,Súbete á la buhardilla,"Asenjo Barbieri, Francisco",El señor Luis del Tumbón o Despacho de huevos frescos,Nieves,Female,Spanish  ,http://theoperadatabase.com/PDFs/Zarzuela/Barbieri/Subete%20a%20la%20buhardilla.pdf,1823-1894,Spanish,https://en.wikipedia.org/wiki/Francisco_Asenjo_Barbieri
51,Couplets de Leopoldo,"Asenjo Barbieri, Francisco",El señor Luis del Tumbón o Despacho de huevos frescos,Leopoldo,Male,Spanish  ,http://theoperadatabase.com/PDFs/Zarzuela/Barbieri/Barbieri%20-%20El%20sr%20Luis%20el%20tumbon%20-%20Couplets%20de%20Leopoldo.pdf,1823-1894,Spanish,https://en.wikipedia.org/wiki/Francisco_Asenjo_Barbieri
52,Yo soy un morito que me perdi,"Asenjo Barbieri, Francisco",El Tributo de Las Cien Doncellas,Moro Muza,Baritone,Spanish  ,http://theoperadatabase.com/PDFs/Zarzuela/Barbieri/Barbieri%20-%20El%20tributo%20de%20la%20sien%20doncellas%20-%20Yo%20soy%20un%20morito.pdf,1823-1894,Spanish,https://en.wikipedia.org/wiki/Francisco_Asenjo_Barbieri
53,Con ocho paisanos mi paloy mi lio,"Asenjo Barbieri, Francisco",El Tributo de Las Cien Doncellas,Piloña,Tenor,Spanish  ,http://theoperadatabase.com/PDFs/Zarzuela/Barbieri/Barbieri%20-%20El%20tributo%20de%20la%20sien%20doncellas%20-%20Con%20ocho%20paisanos%20mi%20paloy%20mi%20lio.pdf,1823-1894,Spanish,https://en.wikipedia.org/wiki/Francisco_Asenjo_Barbieri
54,Cuando la arrulla el palomo,"Asenjo Barbieri, Francisco",El triste Chactas,Araceli,Female,Spanish  ,http://theoperadatabase.com/PDFs/Zarzuela/Barbieri/Barbieri%20-%20El%20triste%20Chactas%20-%20Cuando%20la%20arrulla%20el%20palomo.pdf,1823-1894,Spanish,https://en.wikipedia.org/wiki/Francisco_Asenjo_Barbieri
55,Del colegio escapado me vengo y amor,"Asenjo Barbieri, Francisco",El vizconde,El vizconde,Female,Spanish  ,http://theoperadatabase.com/PDFs/Zarzuela/Barbieri/Barbieri%20-%20El%20vizconde%20-%20Del%20colegio%20escapado.pdf,1823-1894,Spanish,https://en.wikipedia.org/wiki/Francisco_Asenjo_Barbieri
56,Como tengo la cara nega,"Asenjo Barbieri, Francisco",Entre Mi Mujer y El Negro,Benjamin,Male,Spanish  ,http://theoperadatabase.com/PDFs/Zarzuela/Barbieri/Barbieri%20-%20Entre%20mi%20muger%20y%20el%20negro%20-%20Como%20tengo%20la%20cara%20nega.pdf,1823-1894,Spanish,https://en.wikipedia.org/wiki/Francisco_Asenjo_Barbieri
57,Playas Americapas,"Asenjo Barbieri, Francisco",Entre Mi Mujer y El Negro,Don Manuel,Male,Spanish  ,http://theoperadatabase.com/PDFs/Zarzuela/Barbieri/Barbieri%20-%20Entre%20mi%20muger%20y%20el%20negro%20-%20Playas%20Americapas.pdf,1823-1894,Spanish,https://en.wikipedia.org/wiki/Francisco_Asenjo_Barbieri
58,Quien me socorre!,"Asenjo Barbieri, Francisco",Jugar con fuego,Marqués,Baritone,Spanish  ,http://theoperadatabase.com/PDFs/Zarzuela/Barbieri/Barbieri%20-%20Jugar%20con%20fuego%20-%20Quien%20me%20socorre.pdf,1823-1894,Spanish,https://en.wikipedia.org/wiki/Francisco_Asenjo_Barbieri
59,Si te place de este bosque,"Asenjo Barbieri, Francisco",Jugar con fuego,Marqués,Baritone,Spanish  ,http://theoperadatabase.com/PDFs/Zarzuela/Barbieri/Barbieri%20-%20Jugar%20con%20fuego%20-%20Si%20te%20place%20de%20este%20bosque.pdf,1823-1894,Spanish,https://en.wikipedia.org/wiki/Francisco_Asenjo_Barbieri
60,Un tiempo fué,"Asenjo Barbieri, Francisco",Jugar con fuego,Duquesa,Soprano,Spanish  ,http://theoperadatabase.com/PDFs/Zarzuela/Barbieri/Barbieri%20-%20Jugar%20con%20fuego%20-%20Un%20tiempo%20fue.pdf,1823-1894,Spanish,https://en.wikipedia.org/wiki/Francisco_Asenjo_Barbieri
61,La vi por ve primera,"Asenjo Barbieri, Francisco",Jugar con fuego,Felix,Tenor,Spanish  ,http://theoperadatabase.com/PDFs/Zarzuela/Barbieri/Barbieri%20-%20Jugar%20con%20fuego%20-%20La%20vi%20por%20ve%20primera.pdf,1823-1894,Spanish,https://en.wikipedia.org/wiki/Francisco_Asenjo_Barbieri
62,Yo nací con mucha gracia y gran saber,"Asenjo Barbieri, Francisco",La confitera,Quintin,,Spanish  ,http://theoperadatabase.com/PDFs/Zarzuela/Barbieri/Barbieri%20-%20La%20confitera%20-%20Yo%20naci%20con%20mucha%20gracia.pdf,1823-1894,Spanish,https://en.wikipedia.org/wiki/Francisco_Asenjo_Barbieri
63,Es mi estado el de soltera,"Asenjo Barbieri, Francisco",La confitera,Delfina,Female,Spanish  ,http://theoperadatabase.com/PDFs/Zarzuela/Barbieri/Barbieri%20-%20La%20confitera%20-%20Es%20mi%20estado%20el%20de%20soltera.pdf,1823-1894,Spanish,https://en.wikipedia.org/wiki/Francisco_Asenjo_Barbieri
64,Lo soy la carbonera de mas trapio,"Asenjo Barbieri, Francisco",Los carboneros,Simona,Female,Spanish  ,http://theoperadatabase.com/PDFs/Zarzuela/Barbieri/Barbieri%20-%20Los%20carboneros%20-%20Lo%20soy%20la%20arbonera%20de%20mas%20trapio.pdf,1823-1894,Spanish,https://en.wikipedia.org/wiki/Francisco_Asenjo_Barbieri
65,De que me sirve cielo,"Asenjo Barbieri, Francisco",Los diamantes de la corona,Catalina,Female,Spanish  ,http://theoperadatabase.com/PDFs/Zarzuela/Barbieri/Barbieri%20-%20Los%20diamantes%20de%20la%20corona%20-%20De%20que%20me%20sirve%20cielo.pdf,1823-1894,Spanish,https://en.wikipedia.org/wiki/Francisco_Asenjo_Barbieri
66,En noche callada vertia la Luna,"Asenjo Barbieri, Francisco",Los diamantes de la corona,Catalina,Female,Spanish  ,http://theoperadatabase.com/PDFs/Zarzuela/Barbieri/Barbieri%20-%20Los%20diamantes%20de%20la%20corona%20-%20En%20noche%20callada%20vertia%20la%20Luna.pdf,1823-1894,Spanish,https://en.wikipedia.org/wiki/Francisco_Asenjo_Barbieri
67,Ah! Que estalle el rayo,"Asenjo Barbieri, Francisco",Los diamantes de la corona,Sandoval,Tenor,Spanish  ,http://theoperadatabase.com/PDFs/Zarzuela/Barbieri/Barbieri%20-%20Los%20diamantes%20de%20la%20corona%20-%20Ah%20Que%20estalle%20el%20rayo.pdf,1823-1894,Spanish,https://en.wikipedia.org/wiki/Francisco_Asenjo_Barbieri
68,Perdonad... Mi corazon... la tiendo está,"Asenjo Barbieri, Francisco",Mis dos mujeres,Ines,Female,Spanish  ,http://theoperadatabase.com/PDFs/Zarzuela/Barbieri/Barbieri%20-%20Mis%20dos%20mugeres%20-%20Perdonad%20Mi%20corazon%20la%20tiendo%20esta.pdf,1823-1894,Spanish,https://en.wikipedia.org/wiki/Francisco_Asenjo_Barbieri
69,Adios dulces memorias,"Asenjo Barbieri, Francisco",Mis dos mujeres,,Male,Spanish  ,http://theoperadatabase.com/PDFs/Zarzuela/Barbieri/Barbieri%20-%20Mis%20dos%20mugeres%20-%20Adios%20dulces%20memorias.pdf,1823-1894,Spanish,https://en.wikipedia.org/wiki/Francisco_Asenjo_Barbieri
70,"En Zeviya, Costiyares desasnome pa lidiá","Asenjo Barbieri, Francisco",Pan y Toros,Pepe-Hillo,Baritone,Spanish  ,http://theoperadatabase.com/PDFs/Zarzuela/Barbieri/Barbieri%20-%20Pan%20y%20toros%20-%20En%20Zeviya%20Costiyares%20desasnome%20pa%20lidia.pdf,1823-1894,Spanish,https://en.wikipedia.org/wiki/Francisco_Asenjo_Barbieri
71,Este santo escapulario,"Asenjo Barbieri, Francisco",Pan y Toros,Princesa,Female,Spanish  ,http://theoperadatabase.com/PDFs/Zarzuela/Barbieri/Barbieri%20-%20Pan%20y%20toros%20-%20Este%20santo%20escapulario.pdf,1823-1894,Spanish,https://en.wikipedia.org/wiki/Francisco_Asenjo_Barbieri
72,Como lleva en el bolsillo,"Asenjo Barbieri, Francisco",Pan y Toros,Abate,Tenor,Spanish  ,http://theoperadatabase.com/PDFs/Zarzuela/Barbieri/Barbieri%20-%20Pan%20y%20toros%20-%20Como%20lleva%20en%20el%20bolsillo.pdf,1823-1894,Spanish,https://en.wikipedia.org/wiki/Francisco_Asenjo_Barbieri
73,Con bigote retorcido,"Asenjo Barbieri, Francisco",Por conquista,Bruna,Female,Spanish  ,http://theoperadatabase.com/PDFs/Zarzuela/Barbieri/Barbieri%20-%20Por%20conquista%20-%20Con%20bigote%20retorcido.pdf,1823-1894,Spanish,https://en.wikipedia.org/wiki/Francisco_Asenjo_Barbieri
74,Yo soy un joven muy guapo,"Asenjo Barbieri, Francisco",Robinson Crusoe,Robinson,Baritone,Spanish  ,http://theoperadatabase.com/PDFs/Zarzuela/Barbieri/Barbieri%20-%20Robinson%20Crusoe%20-%20Yo%20soy%20un%20joven%20muy%20guapo.pdf,1823-1894,Spanish,https://en.wikipedia.org/wiki/Francisco_Asenjo_Barbieri
75,Yo soy la Africana,"Asenjo Barbieri, Francisco",Robinson Crusoe,La Africana,Soprano,Spanish  ,http://theoperadatabase.com/PDFs/Zarzuela/Barbieri/Barbieri%20-%20Robinson%20Crusoe%20-%20Yo%20soy%20la%20Africana.pdf,1823-1894,Spanish,https://en.wikipedia.org/wiki/Francisco_Asenjo_Barbieri
76,Yo soy muger por equivocacion,"Asenjo Barbieri, Francisco",Robinson Crusoe,Leona,Soprano,Spanish  ,http://theoperadatabase.com/PDFs/Zarzuela/Barbieri/Barbieri%20-%20Robinson%20Crusoe%20-%20Yo%20soy%20muger%20por%20equivocacion.pdf,1823-1894,Spanish,https://en.wikipedia.org/wiki/Francisco_Asenjo_Barbieri
77,Aqui esta el negrito,"Asenjo Barbieri, Francisco",Robinson Crusoe,Domingo,Tenor,Spanish  ,http://theoperadatabase.com/PDFs/Zarzuela/Barbieri/Barbieri%20-%20Robinson%20Crusoe%20-%20Aqui%20esta%20el%20negrito.pdf,1823-1894,Spanish,https://en.wikipedia.org/wiki/Francisco_Asenjo_Barbieri
78,Alla en Europa no se comen,"Asenjo Barbieri, Francisco",Robinson Crusoe,Tiburon,Tenor,Spanish  ,http://theoperadatabase.com/PDFs/Zarzuela/Barbieri/Barbieri%20-%20Robinson%20Crusoe%20-%20Alla%20en%20Europa%20no%20se%20comen.pdf,1823-1894,Spanish,https://en.wikipedia.org/wiki/Francisco_Asenjo_Barbieri
79,Yo te ámaba y teó freciá,"Asenjo Barbieri, Francisco",Sueños de oro,Pascual,Baritone,Spanish  ,http://theoperadatabase.com/PDFs/Zarzuela/Barbieri/Barbieri%20-%20Suenos%20de%20oro%20-%20Yo%20te%20amaba%20y%20teo%20frecia.pdf,1823-1894,Spanish,https://en.wikipedia.org/wiki/Francisco_Asenjo_Barbieri
80,Á través de mis cristales,"Asenjo Barbieri, Francisco",Sueños de oro,Pilar,Female,Spanish  ,http://theoperadatabase.com/PDFs/Zarzuela/Barbieri/A%20traves%20de%20mis%20cristales.pdf,1823-1894,Spanish,https://en.wikipedia.org/wiki/Francisco_Asenjo_Barbieri
81,A la puerta de mi casa,"Asenjo Barbieri, Francisco",Sueños de oro,Tio Roque,Tenor,Spanish  ,http://theoperadatabase.com/PDFs/Zarzuela/Barbieri/Barbieri%20-%20Suenos%20de%20oro%20-%20A%20la%20puerta%20de%20mi%20casa.pdf,1823-1894,Spanish,https://en.wikipedia.org/wiki/Francisco_Asenjo_Barbieri
82,En vano la fortuna,"Asenjo Barbieri, Francisco",Un tesoro escondido,Magdalena,Soprano,Spanish  ,http://theoperadatabase.com/PDFs/Zarzuela/Barbieri/Barbieri%20-%20Un%20tesoro%20escondido%20-%20En%20vano%20la%20fortuna.pdf,1823-1894,Spanish,https://en.wikipedia.org/wiki/Francisco_Asenjo_Barbieri
83,Oh magica armonia,"Asenjo Barbieri, Francisco",Un tesoro escondido,Lucas,Tenor,Spanish  ,http://theoperadatabase.com/PDFs/Zarzuela/Barbieri/Barbieri%20-%20Un%20tesoro%20escondido%20-%20Oh%20magica%20armonia.pdf,1823-1894,Spanish,https://en.wikipedia.org/wiki/Francisco_Asenjo_Barbieri
84,Yo pondre blando este hierro,"Asenjo Barbieri, Francisco",Un tesoro escondido,Roque,Tenor,Spanish  ,http://theoperadatabase.com/PDFs/Zarzuela/Barbieri/Barbieri%20-%20Un%20tesoro%20escondido%20-%20Yo%20pondre%20blando%20este%20hierro.pdf,1823-1894,Spanish,https://en.wikipedia.org/wiki/Francisco_Asenjo_Barbieri
85,"Manuel, tiene usted azogue?","Balart Sobreval, Gabriel",Así en la tierra como en el cielo,,,Spanish  ,http://theoperadatabase.com/PDFs/Zarzuela/Balart/Manuel%20tiene%20usted%20azogue.pdf,1824-1893,Spanish,https://en.wikipedia.org/wiki/Gabriel_Balart
86,Colores diole el prado,"Balart Sobreval, Gabriel",El tulipan de los mares,Tamino,Tenor,Spanish  ,http://theoperadatabase.com/PDFs/Zarzuela/Balart/Colores%20diole%20el%20prado.pdf,1824-1893,Spanish,https://en.wikipedia.org/wiki/Gabriel_Balart
87,Adios ilusion mia,"Blasco y Compans, Justo",Perico el Aragonés,Rosaura,Mezzo,Spanish  ,http://theoperadatabase.com/PDFs/Zarzuela/Blasco/Blasco%20-%20Perico%20el%20Aragones%20-%20Adios%20ilusion%20mia.pdf,1850-,,
88,Ya logré pescar el nene,"Bretón y Hernández, Tomás",El alma en un hilo,Don Homobono,Baritone,Spanish  ,http://theoperadatabase.com/PDFs/Zarzuela/Breton/Breton%20-%20El%20alma%20en%20un%20hilo%20-%20Ya%20logre%20pescar%20el%20nene.pdf,1850-1923,Spanish,http://en.wikipedia.org/wiki/Tom%C3%A1s_Bret%C3%B3n
89,Volad mis campanas alegres,"Bretón y Hernández, Tomás",El campanero de Begoña,Damian,Baritone,Spanish  ,http://theoperadatabase.com/PDFs/Zarzuela/Breton/Breton%20-%20El%20campanero%20de%20Begota%20-%20Volad%20mis%20campanas%20alegres.pdf,1850-1923,Spanish,http://en.wikipedia.org/wiki/Tom%C3%A1s_Bret%C3%B3n
90,"Sola, con mis pesares","Bretón y Hernández, Tomás",El campanero de Begoña,Lucia,Soprano,Spanish  ,http://theoperadatabase.com/PDFs/Zarzuela/Breton/Breton%20-%20El%20campanero%20de%20Begota%20-%20Sola%20con%20mis%20pesares.pdf,1850-1923,Spanish,http://en.wikipedia.org/wiki/Tom%C3%A1s_Bret%C3%B3n
91,Este pañuelo en carnado,"Bretón y Hernández, Tomás",La Dolores,Patricio,Bass,Spanish  ,http://theoperadatabase.com/PDFs/Zarzuela/Breton/Breton%20-%20La%20Dolores%20-%20Este%20panuelo%20en%20carnado.pdf,1850-1923,Spanish,http://en.wikipedia.org/wiki/Tom%C3%A1s_Bret%C3%B3n
92,Tarde senti cuitada,"Bretón y Hernández, Tomás",La Dolores,Dolores,Soprano,Spanish  ,http://theoperadatabase.com/PDFs/Zarzuela/Breton/Breton%20-%20La%20Dolores%20-%20Tarde%20senti%20cuitada.pdf,1850-1923,Spanish,http://en.wikipedia.org/wiki/Tom%C3%A1s_Bret%C3%B3n
93,"Qué hacer señor, en situación tan ruda!","Bretón y Hernández, Tomás",La Dolores,Lázaro,Tenor,Spanish  ,http://theoperadatabase.com/PDFs/Zarzuela/Breton/Breton%20-%20La%20Dolores%20-%20Que%20hacer%20senor.pdf,1850-1923,Spanish,http://en.wikipedia.org/wiki/Tom%C3%A1s_Bret%C3%B3n
94,En Chiclana me crié,"Bretón y Hernández, Tomás",La verbena de la Paloma,Cantadora,Female,Spanish  ,http://theoperadatabase.com/PDFs/Zarzuela/Breton/Breton%20-%20La%20verbena%20de%20la%20paloma%20-%20En%20Chiclana%20me%20crie.pdf,1850-1923,Spanish,http://en.wikipedia.org/wiki/Tom%C3%A1s_Bret%C3%B3n
95,Tiene razon Don Sebastian,"Bretón y Hernández, Tomás",La verbena de la Paloma,Don Hilarion,Male,Spanish  ,http://theoperadatabase.com/PDFs/Zarzuela/Breton/Breton%20-%20La%20verbena%20de%20la%20paloma%20-%20Tiene%20razon%20Don%20Sebastian.pdf,1850-1923,Spanish,http://en.wikipedia.org/wiki/Tom%C3%A1s_Bret%C3%B3n
96,Montao en su jaca torda,"Brull Ayerra, Apolinar, Mangiagalli y Vitali, Carlos",El cabo Baqueta,Arturo,Male,Spanish  ,http://theoperadatabase.com/PDFs/Zarzuela/Brull/Brull%20y%20Mangiagalli%20-%20El%20cabo%20baqueta%20-%20Montao%20en%20su%20jaca%20torda.pdf,"1845-1905, 1842-1896","Spanish, Italian","https://es.wikipedia.org/wiki/Apolinar_Brull_Ayerra, "
97,"Flores, flores, flores!","Calleja Gómez, Rafael",El poeta de la vida,Florista,Female,Spanish  ,http://theoperadatabase.com/PDFs/Zarzuela/Calleja/Calleja%20-%20El%20poeta%20de%20la%20vida%20-%20Flores%20flores%20flores.pdf,1870-1938,Spanish,https://es.wikipedia.org/wiki/Rafael_Calleja_G%C3%B3mez
98,Mil diligencia Viene volando,"Carlos, J.",El meson de los Estudiantes,Andrés,Male,Spanish  ,http://theoperadatabase.com/PDFs/Zarzuela/Carlos/Carlos%20-%20El%20meson%20de%20los%20estudiantes%20-%20Mil%20diligencia%20Viene%20volando.pdf,,,
99,Caballeros estudiantes,"Carlos, J.",El meson de los Estudiantes,Aragones,Male,Spanish  ,http://theoperadatabase.com/PDFs/Zarzuela/Carlos/Carlos%20-%20El%20meson%20de%20los%20estudiantes%20-%20Caballeros%20estudiantes.pdf,,,
100,Soy una modistilla,"Carlos, J.",La Muñeca Fingida,,Female,Spanish  ,http://theoperadatabase.com/PDFs/Zarzuela/Carlos/Carlos%20-%20La%20muneca%20fingida%20-%20Soy%20una%20modistilla.pdf,,,
101,Yo soy Caron el barquero,"Cereceda Somagosa, Guillermo",De España al infierno,Caron,Baritone,Spanish  ,http://theoperadatabase.com/PDFs/Zarzuela/Cereceda/Cereceda%20-%20De%20Espana%20al%20infierno%20-%20Yo%20soy%20Caron%20el%20barquero.pdf,1844-1919,Spanish,
102,Callad y si os molesta mi resplandor,"Cereceda Somagosa, Guillermo",De España al infierno,,Soprano,Spanish  ,http://theoperadatabase.com/PDFs/Zarzuela/Cereceda/Cereceda%20-%20De%20Espana%20al%20infierno%20-%20Callad%20y%20si%20os%20molesta%20mi%20resplandor.pdf,1844-1919,Spanish,
103,Dia de horror!,"Cereceda Somagosa, Guillermo",La barca nueva,Asuncion,,Spanish  ,http://theoperadatabase.com/PDFs/Zarzuela/Cereceda/Cereceda%20-%20La%20barca%20nueva%20-%20Dia%20de%20horror.pdf,1844-1919,Spanish,
104,Yo naci en el matadero,"Cereceda Somagosa, Guillermo",Los hijos de Madrid,,Male,Spanish  ,http://theoperadatabase.com/PDFs/Zarzuela/Cereceda/Cereceda%20-%20Los%20hijos%20de%20Madrid%20-%20Yo%20naci%20en%20el%20matadero.pdf,1844-1919,Spanish,
105,No esperabais mi visita,"Cereceda Somagosa, Guillermo",Mefistófeles,Valentin,Baritone,Spanish  ,http://theoperadatabase.com/PDFs/Zarzuela/Cereceda/Cereceda%20-%20Mefistofeles%20-%20No%20esperabais%20mi%20visita.pdf,1844-1919,Spanish,
106,Piedad de esta pobre niña,"Cereceda Somagosa, Guillermo",Mefistófeles,Margarita,Soprano,Spanish  ,http://theoperadatabase.com/PDFs/Zarzuela/Cereceda/Cereceda%20-%20Mefistofeles%20-%20Piedad%20de%20esta%20pobre%20nina.pdf,1844-1919,Spanish,
107,Salga de mi pecho funesta pasion,"Cereceda Somagosa, Guillermo",Mefistófeles,Siebel,Soprano,Spanish  ,http://theoperadatabase.com/PDFs/Zarzuela/Cereceda/Cereceda%20-%20Mefistofeles%20-%20Salga%20de%20mi%20pecho%20funesta%20pasion.pdf,1844-1919,Spanish,
108,"Yo señores, soy modista","Cereceda Somagosa, Guillermo",Para una modista ... un sastre,Carmen,Female,Spanish  ,http://theoperadatabase.com/PDFs/Zarzuela/Cereceda/Cereceda%20-%20Para%20una%20modista%20-%20Yo%20senores%20soy%20modista.pdf,1844-1919,Spanish,
109,Religioso y penitente,"Cereceda Somagosa, Guillermo",Pascual Bailón,Don Anselmo,Baritone,Spanish  ,http://theoperadatabase.com/PDFs/Zarzuela/Cereceda/Cereceda%20-%20Pascual%20Bailon%20-%20Religioso%20y%20penitente.pdf,1844-1919,Spanish,
110,Ay pobre conchita nacida en el mar,"Cereceda Somagosa, Guillermo",Pascual Bailón,Concha,Soprano,Spanish  ,http://theoperadatabase.com/PDFs/Zarzuela/Cereceda/Cereceda%20-%20Pascual%20Bailon%20-%20Ay%20pobre%20conchita%20nacida%20en%20el%20mar.pdf,1844-1919,Spanish,
111,Hoy eza humirde casa,"Cereceda Somagosa, Guillermo",Pepe Hillo,Pepe-Hillo,Baritone,Spanish  ,http://,1844-1919,Spanish,
112,Señor Pepe-hillo mal haya el Novillo,"Cereceda Somagosa, Guillermo",Pepe Hillo,Vito,Contralto,Spanish  ,http://,1844-1919,Spanish,
113,Apenas amanece yo me lebanto,"Cereceda Somagosa, Guillermo",¡Era yo!,Joaquina,Female,Spanish  ,http://theoperadatabase.com/PDFs/Zarzuela/Cereceda/Cereceda%20-%20Era%20yo%20-%20Apenas%20amanece%20yo%20me%20lebanto.pdf,1844-1919,Spanish,
114,Cuando está tan hondo,"Chapí y Lorente, Ruperto",El barquillero,Socorro,,Spanish  ,http://theoperadatabase.com/PDFs/Zarzuela/Chapi/Chapi%20-%20El%20barquillero%20-%20Cuando%20esta%20tan%20hondo.pdf,1851-1909,Spanish,http://en.wikipedia.org/wiki/Ruperto_Chap%C3%AD
115,"Numero uno, soy un mozo como se estilan","Chapí y Lorente, Ruperto",El cortejo de la Irene,Natillas,,Spanish  ,http://theoperadatabase.com/PDFs/Zarzuela/Chapi/Chapi%20-%20El%20cortejo%20de%20la%20Irene%20-%20Numero%20uno.pdf,1851-1909,Spanish,http://en.wikipedia.org/wiki/Ruperto_Chap%C3%AD
116,Cuando con muchas fatigas,"Chapí y Lorente, Ruperto",El fonógrafo ambulante,Araceli,Female,Spanish  ,http://theoperadatabase.com/PDFs/Zarzuela/Chapi/Chapi%20-%20El%20fonografo%20ambulante%20-%20Cuando%20con%20muchas%20fatigas.pdf,1851-1909,Spanish,http://en.wikipedia.org/wiki/Ruperto_Chap%C3%AD
117,Yohe nacido en un cortijo,"Chapí y Lorente, Ruperto",El fonógrafo ambulante,Araceli,Female,Spanish  ,http://theoperadatabase.com/PDFs/Zarzuela/Chapi/Chapi%20-%20El%20fonografo%20ambulante%20-%20Yohe%20nacido%20en%20un%20cortijo.pdf,1851-1909,Spanish,http://en.wikipedia.org/wiki/Ruperto_Chap%C3%AD
118,Mi programa es conocido,"Chapí y Lorente, Ruperto",El fonógrafo ambulante,Antero,Male,Spanish  ,http://theoperadatabase.com/PDFs/Zarzuela/Chapi/Chapi%20-%20El%20fonografo%20ambulante%20-%20Mi%20programa%20es%20conocido.pdf,1851-1909,Spanish,http://en.wikipedia.org/wiki/Ruperto_Chap%C3%AD
119,Que dise el nego Jalá,"de Cepeda, Luis Rodríguez",Los piratas,Cham...,Tenor,Spanish  ,http://theoperadatabase.com/PDFs/Zarzuela/Cepeda/Cepeda%20-%20Los%20piratas%20-%20Que%20dise%20el%20nego%20Jala.pdf,1819-1889,Spanish,https://es.wikipedia.org/wiki/Luis_Rodr%C3%ADguez_de_Cepeda
